type,name,module,path,hash
"csv","agent-manifest","_config","_config/agent-manifest.csv","b641b89ce484d9a260fdea3770fd67bb2b29b40e35eee38f7b95709df6bcb778"
"csv","task-manifest","_config","_config/task-manifest.csv","6297d6c4e64363dd8968092e4e1cdd819575e0169ffe4db10fa7f9a91f78ee32"
"csv","workflow-manifest","_config","_config/workflow-manifest.csv","51bc38aa8fb99a68e6fa13d16333ce5d750e42ea50a2e5c47a32c5365002fb84"
"yaml","manifest","_config","_config/manifest.yaml","6aaa898d336f52278c093954e685add6e4f0c55cf74921885f411e70504e2654"
"md","documentation-standards","_memory","_memory/tech-writer-sidecar/documentation-standards.md","6e7ac71138275d95c3c9160f3dffe1d6c4cc77bb97231b60b5463a6cdf42adba"
"md","stories-told","_memory","_memory/storyteller-sidecar/stories-told.md","8d7cb6a41382340a550c88627ef0c680ee7c20d61b53a7b18994d27f2368a5d4"
"md","story-preferences","_memory","_memory/storyteller-sidecar/story-preferences.md","b269d52c87cf6913ff2ce31772ed5faa5d064ab5f6889be6c9bec3c9b2e7c47a"
"yaml","config","_memory","_memory/config.yaml","6f6317964f00b65f32834dc92e09e30035b61954a8ced416ff8f025ccf535eff"
"csv","common-workflow-tools","bmb","bmb/workflows/workflow/data/common-workflow-tools.csv","c73c8a903bf158624f7eadc03c6dceb4b338f771af3c7048a9b1a37a45ae91bf"
"csv","communication-presets","bmb","bmb/workflows/agent/data/communication-presets.csv","25bea124919e868d408eab0106011da30a66694f9f96e573dd8cc60780aa24d8"
"csv","module-help","bmb","bmb/module-help.csv","30bc24e948a6fb227981c4422d7d1a6260eec2a1bfa2cd7450493306830f23c1"
"md","agent-architecture","bmb","bmb/workflows/agent/data/agent-architecture.md","d23e35f3db1e5922facbbae061080a2d940673b4f8a90bfae7db6d28abf81157"
"md","agent-architecture","bmb","bmb/workflows/module/data/agent-architecture.md","020a293e60f06b3d57b7e489d57bdf5afa56028149c1b59614dfd54fabf48251"
"md","agent-compilation","bmb","bmb/workflows/agent/data/agent-compilation.md","3aa7c61f1da342f74ae445f7dbcbae3a796e6a9eed892ceb39010c23909d9705"
"md","agent-menu-patterns","bmb","bmb/workflows/agent/data/agent-menu-patterns.md","cdd96b31cf7aa4205cd41b209e555b155072b4e1922bd9accc085e4c350557ec"
"md","agent-metadata","bmb","bmb/workflows/agent/data/agent-metadata.md","173cc5de2aab6a0eaa1d0734a0e2b9d8a6889937f20cdc32279611c5a2ca84a2"
"md","agent-plan.template","bmb","bmb/workflows/agent/templates/agent-plan.template.md","71c75a004f86dc25c42cb43d21817d98a23c8d96db74c3821051cb45da6576c9"
"md","agent-spec-template","bmb","bmb/workflows/module/data/agent-spec-template.md","03091b4ae60ec745e751629d2c6ec31f1f89db89189453fb3878e1ec158b0831"
"md","agent-template","bmb","bmb/workflows/agent/templates/agent-template.md","1dd9e1eb44b89f577358f9b8ae50e67b577f0aede059f5082611b75701bd3a15"
"md","agent-validation","bmb","bmb/workflows/agent/data/agent-validation.md","0111a5645188abd821f3156da0d4104ab5d27c13610211a5cb33102727846130"
"md","architect","bmb","bmb/workflows/agent/data/reference/module-examples/architect.md","5e556bbf1515a0fb733b515428e86face65b1f1361cfd6ddc9674d385b2ff784"
"md","architecture","bmb","bmb/workflows/workflow/data/architecture.md","215911ee37c087810e32505d47b39f3e3c59ad35a1c5ae6602a4716674fc391d"
"md","brainstorm-context","bmb","bmb/workflows/agent/data/brainstorm-context.md","bd86effd11ea9bf8bc1b70f7cb63949441b7e3876b84471537daacd8caf0c20f"
"md","brief-template","bmb","bmb/workflows/module/templates/brief-template.md","85dcbd2bd82d143e76b627722d1f50a91dddf2c3b36af714566cd32925ee3687"
"md","critical-actions","bmb","bmb/workflows/agent/data/critical-actions.md","a1a3b248b25f800981fe8b83cd812deb1093a346a7d1b8ab8a2e730b512f77df"
"md","csv-data-file-standards","bmb","bmb/workflows/workflow/data/csv-data-file-standards.md","4d809f6fe47d6236fdca9ba66db981b436e44452f7ffd59f08b40599ab265cb8"
"md","e-01-load-existing","bmb","bmb/workflows/agent/steps-e/e-01-load-existing.md","539c7451d7b641900dfe9297823fb41feff7e08d9cfb5f67381bafca1339501a"
"md","e-02-discover-edits","bmb","bmb/workflows/agent/steps-e/e-02-discover-edits.md","4839d6eb0943f38b3e01dcfacb4b9db2578ebc0fc869956e457160d9a2d10bd9"
"md","e-03-placeholder","bmb","bmb/workflows/agent/steps-e/e-03-placeholder.md","4076b77b471144f7bd58454a2652bed9a11a964bb249df95272b73590757a95e"
"md","e-04-sidecar-metadata","bmb","bmb/workflows/agent/steps-e/e-04-sidecar-metadata.md","10f20ab04d7772edb3ad53f542fdc5c54c0e686efc6464dd72a29800ef7755ca"
"md","e-05-persona","bmb","bmb/workflows/agent/steps-e/e-05-persona.md","f563417e52584fa105c280b5e4b80bd71ec361359b45bbe7ab0678800aa00a08"
"md","e-06-commands-menu","bmb","bmb/workflows/agent/steps-e/e-06-commands-menu.md","eb3c1ea01780eb15aa912bdffa4349b7eda5a81f0225f44a0eeddf245cf4b9a2"
"md","e-07-activation","bmb","bmb/workflows/agent/steps-e/e-07-activation.md","05cacc92ad28e04b384bbb6b8828b28f5ff9ce1deb0b0582dc5c95b5060e5348"
"md","e-08-edit-agent","bmb","bmb/workflows/agent/steps-e/e-08-edit-agent.md","b221ebe838b60ba66bca2df342fc0b6ad2abae211bea1f01b1a2d8186cad81dc"
"md","e-09-celebrate","bmb","bmb/workflows/agent/steps-e/e-09-celebrate.md","8a76fa2aca4500f9a0fecc9d2018821eb8bbfc5d533e9f85861acb910f053863"
"md","frontmatter-standards","bmb","bmb/workflows/workflow/data/frontmatter-standards.md","b02270a8c293bc3b97d1684774153e23a2c212af51a5495e5d419f24931e49d0"
"md","input-discovery-standards","bmb","bmb/workflows/workflow/data/input-discovery-standards.md","e5201a3b67d728df46876e72ca99ad487ff334cfb9b64dc20c1cb3c8f4085117"
"md","intent-vs-prescriptive-spectrum","bmb","bmb/workflows/workflow/data/intent-vs-prescriptive-spectrum.md","13f8048611e00e92a05eb0106de237938458cd4fc04bc5f4d272ae4697a2a91e"
"md","menu-handling-standards","bmb","bmb/workflows/workflow/data/menu-handling-standards.md","0f2065c8ec2aa7ab1df1f5f92db0d9cd8a2364250ed9b7932e6aa17816f130e1"
"md","minimal-output-template","bmb","bmb/workflows/workflow/templates/minimal-output-template.md","f61de8986573aa22ab1bc37235b063541a0209e1033b7c7c0a587dbd8b120a98"
"md","module-help-generate","bmb","bmb/workflows/module/module-help-generate.md","00663d648bfcbadcbac11a44a5aab9e7619bc8cda9e56c9f26ab755d9383c123"
"md","module-standards","bmb","bmb/workflows/module/data/module-standards.md","4314e487a73c5cb6a85357e8ae71e4e7bfbd75ae395e19056c109c4587d4dd8e"
"md","module-yaml-conventions","bmb","bmb/workflows/module/data/module-yaml-conventions.md","669831f40384bc07982882a85cf050b725151fa5e1fcd711447c54831600e379"
"md","output-format-standards","bmb","bmb/workflows/workflow/data/output-format-standards.md","e88aa0032d0a2f6366d43244e739dcd67c1bb2525402c20d2e4d89ea6d394104"
"md","persona-properties","bmb","bmb/workflows/agent/data/persona-properties.md","26ad8d8dc3aae7cdb0818ce26685c9970e3adffefbac1911ce5ee40ed00c7a6b"
"md","principles-crafting","bmb","bmb/workflows/agent/data/principles-crafting.md","dc22ed0b426c290119d0295fdf280a2182b6027df45ea2679dab9d10e974b847"
"md","step-00-conversion","bmb","bmb/workflows/workflow/steps-c/step-00-conversion.md","c2fa704c6af768516520aabd21c8231e7d67a6c030aca6833b00d9bf47aa4049"
"md","step-01-brainstorm","bmb","bmb/workflows/agent/steps-c/step-01-brainstorm.md","3977b82c7bf9431a90f4ed8f1aa6067cfc66ee658bceea283d5d631cc05200df"
"md","step-01-discovery","bmb","bmb/workflows/workflow/steps-c/step-01-discovery.md","8b7c7b6e22e8bacf8dc2612d07e2142bcb05590b005928ac548648036dd4062c"
"md","step-01-init-continuable-template","bmb","bmb/workflows/workflow/templates/step-01-init-continuable-template.md","1ea222b3c2a2a569515ea25493e8bc6205745e1610a2df5a1d70348e76cd48e5"
"md","step-01-load-brief","bmb","bmb/workflows/module/steps-c/step-01-load-brief.md","06f46a88014817367f8991d9cd697cfff2cfb229c790ec3dc07674d19cdfaf81"
"md","step-01-load-target","bmb","bmb/workflows/module/steps-e/step-01-load-target.md","e5e15625642b5fe5836dc57a150f043e2a87355ecd76097993ce9efd233bca21"
"md","step-01-load-target","bmb","bmb/workflows/module/steps-v/step-01-load-target.md","8006a13b76b69c385ff35c2d703f125c235779d3a8561091411e3d6e1dc47bce"
"md","step-01-validate","bmb","bmb/workflows/workflow/steps-v/step-01-validate.md","0a0a7dbcbbdaa1d35855c1a02cc999edb447a60062080775882d8982172e398c"
"md","step-01-validate-max-mode","bmb","bmb/workflows/workflow/steps-v/step-01-validate-max-mode.md","a85ea69b45449ac7f6d9bb0ecb3a5c30cf87dba755c6cf7065b268103ebba795"
"md","step-01-welcome","bmb","bmb/workflows/module/steps-b/step-01-welcome.md","ed259839a715cdd016ae5161c375f2b21c2038dafe4bb4419c85e61d286609b7"
"md","step-01b-continuation","bmb","bmb/workflows/workflow/steps-c/step-01b-continuation.md","d4744e00afb0ddfddd60f8ccf33d3f0b930d5edfa6da7bcab174e5cae4ed4011"
"md","step-01b-continue","bmb","bmb/workflows/module/steps-c/step-01b-continue.md","fd8d93b04c057fb7cf2a8c7c6811cb6826900d1f17b49692f9d7909e05cfc4d8"
"md","step-01b-structure","bmb","bmb/workflows/workflow/steps-v/step-01b-structure.md","dc1efc9dfa9180798102341c0522512ee4f29903f5ff1c78fe9a3ce0c1604737"
"md","step-02-classification","bmb","bmb/workflows/workflow/steps-c/step-02-classification.md","560d01ce4db22bc094f88657dc1b2f8135fc290b98a638a4b79de5a685fb6847"
"md","step-02-discovery","bmb","bmb/workflows/agent/steps-c/step-02-discovery.md","3f8ff9b7ca8d9e556fa3d624b9c58975f6cd44438681223795648aa3d8b7099f"
"md","step-02-file-structure","bmb","bmb/workflows/module/steps-v/step-02-file-structure.md","fc0acf419646452140b033995993f288fa3d97fd41bbd48f7502e319bb326817"
"md","step-02-frontmatter-validation","bmb","bmb/workflows/workflow/steps-v/step-02-frontmatter-validation.md","26627ab0efe0b824ab15ef82e64e0d41f0a98a9663d4a39d542f4f65a2ef170a"
"md","step-02-select-edit","bmb","bmb/workflows/module/steps-e/step-02-select-edit.md","500b040c7c5540505c83932cc880de02727576f25404524bdb4be1554c261491"
"md","step-02-spark","bmb","bmb/workflows/module/steps-b/step-02-spark.md","3e054a19fe1a5166759e09a2fb3788d244f7c4f776d28663339401d8b2ac25e2"
"md","step-02-structure","bmb","bmb/workflows/module/steps-c/step-02-structure.md","6177bdc1971c60299b00d9ce9f37106ecad405bf12d6378bedf30779f87a1e03"
"md","step-02b-path-violations","bmb","bmb/workflows/workflow/steps-v/step-02b-path-violations.md","ef6f2e0b8a6f608ba06a74466acdd74bf3cf6b9ac5290c58ec780e881f912ed1"
"md","step-03-apply-edit","bmb","bmb/workflows/module/steps-e/step-03-apply-edit.md","e9ec488bd25765c1769a8f39e9fd335260c17eb247f2c5246e55a37d2fb02bd7"
"md","step-03-config","bmb","bmb/workflows/module/steps-c/step-03-config.md","14f1bd471ae827aa5ba4947ead23cfbb728ccfa4d2dcf41f7080eed08db35760"
"md","step-03-menu-validation","bmb","bmb/workflows/workflow/steps-v/step-03-menu-validation.md","352f083900a5bd4c7580a21c097547415e67a030f147ddbf338e6605f5e17679"
"md","step-03-module-type","bmb","bmb/workflows/module/steps-b/step-03-module-type.md","387020cdbf5c17286425edcbdfad48d874bd80119aa1e5fd3ecafee59a07385d"
"md","step-03-module-yaml","bmb","bmb/workflows/module/steps-v/step-03-module-yaml.md","874c7a400b90d7c8a53c9348c6194812f21f2a95da1a80127956ed3fb208ae01"
"md","step-03-requirements","bmb","bmb/workflows/workflow/steps-c/step-03-requirements.md","b9ffb90bb9b58df2d1af69b72af4bf3975e8e2b02a22615eaa98da29ae45e269"
"md","step-03-sidecar-metadata","bmb","bmb/workflows/agent/steps-c/step-03-sidecar-metadata.md","4a7b64165d29ff01f5ae90c0daae3bb875485f77412a3623f299ea26f85f9df9"
"md","step-04-agent-specs","bmb","bmb/workflows/module/steps-v/step-04-agent-specs.md","5e2b8562eb57857c80cc5f5ee1e08290c39d79070668941ee155552820bd42a9"
"md","step-04-agents","bmb","bmb/workflows/module/steps-c/step-04-agents.md","097d8b87aa5f1402a0dbb3e9255977f7cfe8dba35e237df3ce2c614419091e19"
"md","step-04-persona","bmb","bmb/workflows/agent/steps-c/step-04-persona.md","8f37e0c5f118673a8489ad9b40a0714716c0ddcbad1ed7c834e8bdf67e33656a"
"md","step-04-review","bmb","bmb/workflows/module/steps-e/step-04-review.md","8fc1da4ab65f6639d860600c942e82a9c2ad7fa8fc3788bb9d35e98c811e9cbb"
"md","step-04-step-type-validation","bmb","bmb/workflows/workflow/steps-v/step-04-step-type-validation.md","22666ec35c68019eaa956f792e653bea6d9bb33adae88f81945423925b0aacd9"
"md","step-04-tools","bmb","bmb/workflows/workflow/steps-c/step-04-tools.md","0202c1f6e80366d0e6a970fa3484264bdbec56ac36b0253aee3db710a7b96ab7"
"md","step-04-vision","bmb","bmb/workflows/module/steps-b/step-04-vision.md","4200d1b6811ae7e16ef2ec5377f7a006b508353c42baa1d65ce5e919e35a4414"
"md","step-05-commands-menu","bmb","bmb/workflows/agent/steps-c/step-05-commands-menu.md","13d355dd79eedbbaa4e3b73ef4c7336edf11cf86d3d110bd99154c6405c8f543"
"md","step-05-confirm","bmb","bmb/workflows/module/steps-e/step-05-confirm.md","f864c0d7c0f2178dbe5ee785fd6136a097801de22fe9927cc717174465eace77"
"md","step-05-identity","bmb","bmb/workflows/module/steps-b/step-05-identity.md","bf6750cdea36d19553295d201d5cf3cc05bba724b4cf105ae297b4fc328ddbe8"
"md","step-05-output-format-validation","bmb","bmb/workflows/workflow/steps-v/step-05-output-format-validation.md","d8aed144c932f4d7615b595696a7849d4a8ce468ac632f1316b3a3efe0337f5d"
"md","step-05-plan-review","bmb","bmb/workflows/workflow/steps-c/step-05-plan-review.md","1896308083a01fdbb2c723e3d8f11f60e0423dd2e1d46949e51f6ed2a2bb9cf3"
"md","step-05-workflow-specs","bmb","bmb/workflows/module/steps-v/step-05-workflow-specs.md","d2b3b63e54480646b5524b3bd32c0a6acfb410c0ebfb48991cbf3a43b2f5be5b"
"md","step-05-workflows","bmb","bmb/workflows/module/steps-c/step-05-workflows.md","ee6ba8767d893f96428a425119039014b5d4d3c2a9e65d59092f100c668c52c0"
"md","step-06-activation","bmb","bmb/workflows/agent/steps-c/step-06-activation.md","2f7923d26cfac1698d2e2d3272cb644947a4d4d705a4236e29f4bb16a4b903df"
"md","step-06-design","bmb","bmb/workflows/workflow/steps-c/step-06-design.md","a59fef28936210a6c0edeaba5e4b02af6188950fc6482eb9365d2a93bb8e727c"
"md","step-06-docs","bmb","bmb/workflows/module/steps-c/step-06-docs.md","8e6791e97658a3288d297b61e1396ee3eda64d087077af7a47880f33bd5456d1"
"md","step-06-documentation","bmb","bmb/workflows/module/steps-v/step-06-documentation.md","3c2cda05dba1da28bfecac96b442dd6b260916a5d387255d8a5f8aabf775918a"
"md","step-06-users","bmb","bmb/workflows/module/steps-b/step-06-users.md","876c8a8f186569e99e42a1a5a3f7b94f33081306af9b1f354250285fbb1616c8"
"md","step-06-validation-design-check","bmb","bmb/workflows/workflow/steps-v/step-06-validation-design-check.md","934be5b8740504411c29c92caa162bde9f9f5b76f9b51f900cddc81ce20afc48"
"md","step-07-build-agent","bmb","bmb/workflows/agent/steps-c/step-07-build-agent.md","3a82c276e43e54faef410a2ac8d4f0f8f0bfd80d085aa563da2334cb30b76448"
"md","step-07-complete","bmb","bmb/workflows/module/steps-c/step-07-complete.md","5e62ae3e42648d1bb9e4ad77c0b01eff36eee498d8539804123286cff8ae685e"
"md","step-07-foundation","bmb","bmb/workflows/workflow/steps-c/step-07-foundation.md","496ab7074b6678d0a3ce5a89aec60d3867fb224a7265b004e5e438a80aa6fec7"
"md","step-07-installation","bmb","bmb/workflows/module/steps-v/step-07-installation.md","e0067d8cf1ad2b2a0cbdd645ef0b3d897f0424f80eb1ac6c0890a1c1a9f90bbf"
"md","step-07-instruction-style-check","bmb","bmb/workflows/workflow/steps-v/step-07-instruction-style-check.md","f637bce8213eed574a5b4d65ee043c1aedfdedf76a1f0d2603f3002a361cb5be"
"md","step-07-value","bmb","bmb/workflows/module/steps-b/step-07-value.md","5634beb03472aee5eba35e5c83d1b0ef502055e6fdca6f16698f9f6ac1cb53b4"
"md","step-08-agents","bmb","bmb/workflows/module/steps-b/step-08-agents.md","e33c9857d1f5a43371a34f56ab1e4c1e3b8aa9056eb7dd7aa2e928c3b552e34e"
"md","step-08-build-step-01","bmb","bmb/workflows/workflow/steps-c/step-08-build-step-01.md","dd3677dd82dbcc6339a696a1899c8283e6fb23b187ddf0d5bc9122e0d29546ad"
"md","step-08-celebrate","bmb","bmb/workflows/agent/steps-c/step-08-celebrate.md","e42540d0843fe4a17502a7aa2cb2e55841142749d76d3f5d1a83c4ab2a1360a1"
"md","step-08-collaborative-experience-check","bmb","bmb/workflows/workflow/steps-v/step-08-collaborative-experience-check.md","14b9afce8eb7fe59d3b8cc3a44295b955d4419fed0e8d1a6b0ac31a3ef3cc610"
"md","step-08-report","bmb","bmb/workflows/module/steps-v/step-08-report.md","e9080fe17dc98280a1d2d7adeaca039d185f580307d43f1224dcc9cf44d62101"
"md","step-08b-subprocess-optimization","bmb","bmb/workflows/workflow/steps-v/step-08b-subprocess-optimization.md","cda18ba6427b1fb8d7266123be8e059c4289ed2b62abc3a39bbae8ea8593227c"
"md","step-09-build-next-step","bmb","bmb/workflows/workflow/steps-c/step-09-build-next-step.md","c6fd5d88991d33c9a947f3e0c49181231b95a2baa5c93ac9ac71b2dbd568bcf2"
"md","step-09-cohesive-review","bmb","bmb/workflows/workflow/steps-v/step-09-cohesive-review.md","cf604f0dab7aa11af521f2270a9c96fa02c7f99f3430811db1ae25dd59dbe946"
"md","step-09-workflows","bmb","bmb/workflows/module/steps-b/step-09-workflows.md","d0a8f1b824d1423f9a5544112afe03725c4b8196a0be62b32c161a930f07e0ee"
"md","step-10-confirmation","bmb","bmb/workflows/workflow/steps-c/step-10-confirmation.md","b5cc8dab668df3888b689f272cc39706471a86286542ef807b176abca5a93ddf"
"md","step-10-report-complete","bmb","bmb/workflows/workflow/steps-v/step-10-report-complete.md","ec38ede67f999076e3df5eaf3cb88f1f069791cd770dda826c101cac61a1e814"
"md","step-10-tools","bmb","bmb/workflows/module/steps-b/step-10-tools.md","0987d73d4335b6779ca2cd27d2e7620eef92b98cece2d9aa442fe243435c845f"
"md","step-11-completion","bmb","bmb/workflows/workflow/steps-c/step-11-completion.md","49e0f7f8d6aa4ac73828a8cbce8cf9ab0816871009559673dcbbe716c9ed21f0"
"md","step-11-plan-validation","bmb","bmb/workflows/workflow/steps-v/step-11-plan-validation.md","58e4c8a2363cc7eef8b4f1c86c52a03d94e6e160462c34478ff851b2232be8c8"
"md","step-11-scenarios","bmb","bmb/workflows/module/steps-b/step-11-scenarios.md","d5ceda11834165ce9b6111d754ce5dbbbee11f34411805c2cc7d7f5fcde1cda8"
"md","step-12-creative","bmb","bmb/workflows/module/steps-b/step-12-creative.md","495309304d1a68b4b0dbe4b5fba0548092641b216b5c57d7cfd6708679898d43"
"md","step-13-review","bmb","bmb/workflows/module/steps-b/step-13-review.md","5a6050a0ebf2046c3730c951572ec17e04bf0e9ccf145b8d0aa3d03235e11477"
"md","step-14-finalize","bmb","bmb/workflows/module/steps-b/step-14-finalize.md","09aba595988eda5bece47552e8b93241780019169e421af5bb6faa33abd71b4a"
"md","step-1b-template","bmb","bmb/workflows/workflow/templates/step-1b-template.md","ec4b361c53e6582c2b610b7a96241bd2726acb98dfab7e4a7ef005c3f4140093"
"md","step-e-01-assess-workflow","bmb","bmb/workflows/workflow/steps-e/step-e-01-assess-workflow.md","0b1a8a9a6308d428ca8ea285054ca7c6127d8d712e808e13d53c66393872a42a"
"md","step-e-02-discover-edits","bmb","bmb/workflows/workflow/steps-e/step-e-02-discover-edits.md","e6dcbf4d638eba3ee5aafb89db958b71c2bea17c56c1724c3741174e943f1c0c"
"md","step-e-03-fix-validation","bmb","bmb/workflows/workflow/steps-e/step-e-03-fix-validation.md","f0d07b596606ca6c34616a89b210f09c71ed1b87acce9148e4e88c21d91bdc21"
"md","step-e-04-direct-edit","bmb","bmb/workflows/workflow/steps-e/step-e-04-direct-edit.md","a4afa5e0942e386ebaebad2d815144ce08f067024d8e7e2bc29874241cf41e4e"
"md","step-e-05-apply-edit","bmb","bmb/workflows/workflow/steps-e/step-e-05-apply-edit.md","3e5a73e07176ec70e742561c87b6892ca351397f43061a6d2b10d6b7cbcdb26f"
"md","step-e-06-validate-after","bmb","bmb/workflows/workflow/steps-e/step-e-06-validate-after.md","969677115937443e64cc1f01c3acd91c87e0e0d5288ce1bac4db8319d4dd6273"
"md","step-e-07-complete","bmb","bmb/workflows/workflow/steps-e/step-e-07-complete.md","1d5f6b8b3830c46b71c5f9d81d6a522879d118521584c40121dc953a9d78b84d"
"md","step-file-rules","bmb","bmb/workflows/workflow/data/step-file-rules.md","1b470e3d55a8aed1b0724612d1b84524147eabb27e9fa46886ec5d0df7a674f3"
"md","step-template","bmb","bmb/workflows/workflow/templates/step-template.md","3d1b8c2ed88ceeb1545c85c2fe6c34352b2343fb8f9d1a1fba768ac6fc10eb31"
"md","step-type-patterns","bmb","bmb/workflows/workflow/data/step-type-patterns.md","9c5f50d2ddaf3d50d54ee29e21a323bc82f72936dfaf67ff6641fa83c4c68fec"
"md","subprocess-optimization-patterns","bmb","bmb/workflows/workflow/data/subprocess-optimization-patterns.md","533ec5fce72104b1b220c40333489241f55291fdd7973e7235f8d2d4b3d193a4"
"md","trimodal-workflow-structure","bmb","bmb/workflows/workflow/data/trimodal-workflow-structure.md","e83b38d8abed9a06495f3da39d8db6d24cd00cf5b5369577f422f22e2b7695e9"
"md","understanding-agent-types","bmb","bmb/workflows/agent/data/understanding-agent-types.md","1f852c86102211c6db08c9d1ed60d63ec7cd460f1bafd308cb3b6841114d1683"
"md","v-01-load-review","bmb","bmb/workflows/agent/steps-v/v-01-load-review.md","a0dc536b3523025be2f0b823b9343e46bffc1b2bea847f6e52c7f6e7203d1c8a"
"md","v-02a-validate-metadata","bmb","bmb/workflows/agent/steps-v/v-02a-validate-metadata.md","32b227f2d8fd18637b1d5b78a9598e2600e41f1a70e8caff846a18c287b2ddb1"
"md","v-02b-validate-persona","bmb","bmb/workflows/agent/steps-v/v-02b-validate-persona.md","b7535cdf8ae862bf3f3994b900343b73028485d9843dc7df9678253a1e0e65b4"
"md","v-02c-validate-menu","bmb","bmb/workflows/agent/steps-v/v-02c-validate-menu.md","33782859da582ac82acd88be9f604679d7b148dc6fbf0bc0509288cf7d9d0d9e"
"md","v-02d-validate-structure","bmb","bmb/workflows/agent/steps-v/v-02d-validate-structure.md","69c8698961d714f9806d7657b6d9aac88ddf8c9a7c5590bdc764d11d54c6f281"
"md","v-02e-validate-sidecar","bmb","bmb/workflows/agent/steps-v/v-02e-validate-sidecar.md","9eb2ec9001fbc2ffea80a9158d4d496c6acab2b965d928abc2843555508a6458"
"md","v-03-summary","bmb","bmb/workflows/agent/steps-v/v-03-summary.md","db9b978c1569afa254184960a9c31ae71a8356a6def57ba09c0961f4efa46ee0"
"md","workflow-chaining-standards","bmb","bmb/workflows/workflow/data/workflow-chaining-standards.md","6aede9a3350786f71687c470038748ad255859e310cda854d147644216bf9bfe"
"md","workflow-create-agent","bmb","bmb/workflows/agent/workflow-create-agent.md","5b83913d4947e77a5137a4fabbe36ca338d45f80afc5c1dedb93c343dd1310c3"
"md","workflow-create-module","bmb","bmb/workflows/module/workflow-create-module.md","be3147584de6a3740071b9c80483d8d75f3b4fd818e5c2555cf03ce5d6d4c98c"
"md","workflow-create-module-brief","bmb","bmb/workflows/module/workflow-create-module-brief.md","7c254d7d318b0ee3a8646acf50b59eb744d960614be5d541a65c54a22f569813"
"md","workflow-create-workflow","bmb","bmb/workflows/workflow/workflow-create-workflow.md","5eadc6e949ae2b453811f79d58da1b4800ff6a3f713a181369fd5d88726407ff"
"md","workflow-edit-agent","bmb","bmb/workflows/agent/workflow-edit-agent.md","c72408f1c72bcbf15a7a8072bc07cf023d25c16fa928bb18f682db1177694fb3"
"md","workflow-edit-module","bmb","bmb/workflows/module/workflow-edit-module.md","c60fa81100c0dab568bb0d1f55d5035c59ca66ebd7f48ca503bbc4866ccdcb82"
"md","workflow-edit-workflow","bmb","bmb/workflows/workflow/workflow-edit-workflow.md","012b2ec4997fcab5b601b475f9aed2a72da41370ea5377bb03064f98c74be91d"
"md","workflow-examples","bmb","bmb/workflows/workflow/data/workflow-examples.md","858a3052f65cad4d6288b8996953e7ae674b00626fe52416c1c088c150847c05"
"md","workflow-rework-workflow","bmb","bmb/workflows/workflow/workflow-rework-workflow.md","df97ef45745a89e90b2db9f619aa40bbcc8ea93bd258247d0289fee2add70cf5"
"md","workflow-spec-template","bmb","bmb/workflows/module/templates/workflow-spec-template.md","e226dc5357c301dfba14dce94bfaad692bfb0f025599a82ae4c97d494627c7af"
"md","workflow-template","bmb","bmb/workflows/workflow/templates/workflow-template.md","6b39e89217d20c7d917602874978bbf018f0d7d3e33e0e753331a602f114fc14"
"md","workflow-type-criteria","bmb","bmb/workflows/workflow/data/workflow-type-criteria.md","60dc1e893f39a9a67540196b6cd5d3424e1e29efd0622962ffb39665b10265bb"
"md","workflow-validate-agent","bmb","bmb/workflows/agent/workflow-validate-agent.md","a1459e71ef5ef12d674f029d45e9560386987e33affc6b8b8e45b302a423bd62"
"md","workflow-validate-max-parallel-workflow","bmb","bmb/workflows/workflow/workflow-validate-max-parallel-workflow.md","4133b5a77c454fc48a55d5e0896fe2d7d21d9e9e39c3e2024febe200df16b3ed"
"md","workflow-validate-module","bmb","bmb/workflows/module/workflow-validate-module.md","7e02b817d7f6bc21ff5bee00f194996a0dd8385bcabd026b2efdcc3f157bebb9"
"md","workflow-validate-workflow","bmb","bmb/workflows/workflow/workflow-validate-workflow.md","f792e9b04ee4fe43e40b10499714e3bbb085c2304ddc478faf9b1bb333e11b72"
"md","yy-mm-dd-entry-template","bmb","bmb/workflows/agent/data/reference/with-sidecar/journal-keeper/journal-keeper-sidecar/entries/yy-mm-dd-entry-template.md","afad2b3f97e0a82fb371ce89cab74734eb5b5c1238dfaed02f5967b581bf7c47"
"yaml","config","bmb","bmb/config.yaml","ab9914b716606c539e9ae94ee238a885cb3957aacc7571a621de762fe931e786"
"csv","default-party","cis","cis/teams/default-party.csv","e27e5a0480f41760da2fde5aeeccd425dae9c4a654105aab329ee1562cc83392"
"csv","design-methods","cis","cis/workflows/design-thinking/design-methods.csv","97a1fa87aaa355ce855c2c4e3bbfde59cb4ed2166cf9896496af786f10c13459"
"csv","innovation-frameworks","cis","cis/workflows/innovation-strategy/innovation-frameworks.csv","bd1d191062302353d2562a54751f8f263ce47e143202e2c0fe41315c2be9eb95"
"csv","module-help","cis","cis/module-help.csv","b55259cda5cc5d3facb33d673c783bd188500410ed1042bd792951760998cc63"
"csv","solving-methods","cis","cis/workflows/problem-solving/solving-methods.csv","f3a380b12b21ec2410d1ac44bc8ca1970b0a04a21bfe3dd0370ac7ed1ec0d2c0"
"csv","story-types","cis","cis/workflows/storytelling/story-types.csv","8cf3d49d3ce771f30b6d9c0c936d35f92b8af23e0962c876df832c02d605f1ce"
"md","instructions","cis","cis/workflows/design-thinking/instructions.md","b0a3e02f516bebe0144584ca78bb265cadc1bf2d693da945056117aaf58db5d2"
"md","instructions","cis","cis/workflows/innovation-strategy/instructions.md","bbcf33febc8d0c955a0e6b33ae36dbcbb20f98133183f870c7aae44678248859"
"md","instructions","cis","cis/workflows/problem-solving/instructions.md","5c215099daea5a941aacc32bb5e554f03ce6a08ca5d6ad134ad1de82cb9df59e"
"md","instructions","cis","cis/workflows/storytelling/instructions.md","1856d7f9ea7ec859c188630a6fafbccaaa05e9c8ea5463668842cc74a00d5c7e"
"md","README","cis","cis/workflows/design-thinking/README.md","c6eab6e3fe96a97731cc2b7d8d6ea20f5a9664d19f03fc5b2b34e1ac8952142e"
"md","README","cis","cis/workflows/innovation-strategy/README.md","88ab818502bf35c3e99eb8e277aa10244834b013913ecebd1de1449e54944650"
"md","README","cis","cis/workflows/problem-solving/README.md","1eb1bb254b197817249d53af6241cc8af5d9b324e6420eecb53c646ac1ffff8f"
"md","README","cis","cis/workflows/README.md","0488dc66b7b67b400289634b1a2f6acd10f87614fa3473b417ecb9f4c7e152a7"
"md","README","cis","cis/workflows/storytelling/README.md","c82b12133c5057c546c96432d574aa035ab1446178f9c64d247cdda9e1e2bfe4"
"md","template","cis","cis/workflows/design-thinking/template.md","7bcf6d0cd09de3c0d91f3f49ee280177365dabb64ed814b97e83e73082643c37"
"md","template","cis","cis/workflows/innovation-strategy/template.md","ab574d69fa13e21c806101a9089563b541013f6df44255d800ea24d4cb6d7136"
"md","template","cis","cis/workflows/problem-solving/template.md","c46fbdf42a1d9ad732f562e4add05020198ffc7ba18d134718e1cd960752c390"
"md","template","cis","cis/workflows/storytelling/template.md","290615dbd530dc13843a87ebedd107b390bcfd57cf68df67cd250dea8f49b2dd"
"yaml","config","cis","cis/config.yaml","3e0378869b957a26dfaaf0064e51127ab896cfb6e713d75db94076526655db37"
"yaml","creative-squad","cis","cis/teams/creative-squad.yaml","5e1033c95a9679e2f8688be4409104aa0b98c6503abb0512447b6d7541dd4f61"
"yaml","workflow","cis","cis/workflows/design-thinking/workflow.yaml","963b2be732453ac683678c835efe239256e344ab32fb7749454230ac8bec381c"
"yaml","workflow","cis","cis/workflows/innovation-strategy/workflow.yaml","925d16e2259f30a9e4825c8910dad443b20a05199de03153348d0000ff404837"
"yaml","workflow","cis","cis/workflows/problem-solving/workflow.yaml","48aa0cdd471519ce2a20cde8d588040bedc735778414c336c252a14c93793db1"
"yaml","workflow","cis","cis/workflows/storytelling/workflow.yaml","f10644ffdf7646546696255ff8b946d182f9d3e09c83839b46ac6f625149e80e"
"csv","brain-methods","core","core/workflows/brainstorming/brain-methods.csv","0ab5878b1dbc9e3fa98cb72abfc3920a586b9e2b42609211bb0516eefd542039"
"csv","methods","core","core/workflows/advanced-elicitation/methods.csv","e08b2e22fec700274982e37be608d6c3d1d4d0c04fa0bae05aa9dba2454e6141"
"csv","module-help","core","core/module-help.csv","4227d475748e8067aeae3e1a67d7b6235c109da13b2ef9131db930083dcb348d"
"md","help","core","core/tasks/help.md","ce052f4064a1693b20881d2f75103d88525f36b2770d27997773452d141dc1a3"
"md","step-01-agent-loading","core","core/workflows/party-mode/steps/step-01-agent-loading.md","04ab6b6247564f7edcd5c503f5ca7d27ae688b09bbe2e24345550963a016e9f9"
"md","step-01-session-setup","core","core/workflows/brainstorming/steps/step-01-session-setup.md","bc09cc22a0465b316ff3c13903b753768fa31d83abd3f9fc328631db63dc0cf8"
"md","step-01b-continue","core","core/workflows/brainstorming/steps/step-01b-continue.md","d76a406e0ff0a0e58006ec671b56f19a059e98cfebba4c0724ae6ccdd9303e7f"
"md","step-02-discussion-orchestration","core","core/workflows/party-mode/steps/step-02-discussion-orchestration.md","a8a79890bd03237e20f1293045ecf06f9a62bc590f5c2d4f88e250cee40abb0b"
"md","step-02a-user-selected","core","core/workflows/brainstorming/steps/step-02a-user-selected.md","558b162466745b92687a5d6e218f243a98436dd177b2d5544846c5ff4497cc94"
"md","step-02b-ai-recommended","core","core/workflows/brainstorming/steps/step-02b-ai-recommended.md","99aa935279889f278dcb2a61ba191600a18e9db356dd8ce62f0048d3c37c9531"
"md","step-02c-random-selection","core","core/workflows/brainstorming/steps/step-02c-random-selection.md","f188c260c321c7f026051fefcd267a26ee18ce2a07f64bab7f453c0c3e483316"
"md","step-02d-progressive-flow","core","core/workflows/brainstorming/steps/step-02d-progressive-flow.md","a28c7a3edf34ceb0eea203bf7dc80f39ca04974f6d1ec243f0a088281b2e55de"
"md","step-03-graceful-exit","core","core/workflows/party-mode/steps/step-03-graceful-exit.md","bdecc33004d73238ca05d8fc9d6b86cba89833630956f53ecd82ec3715c5f0da"
"md","step-03-technique-execution","core","core/workflows/brainstorming/steps/step-03-technique-execution.md","9e6abceec5f774c57cd5205e30a1f24a95441131dbffcae9c3dce72111f95ceb"
"md","step-04-idea-organization","core","core/workflows/brainstorming/steps/step-04-idea-organization.md","5224490c33bf4b23b2897f3bcf12abe0b1ced306541dd60c21df0ce9fc65d1ac"
"md","template","core","core/workflows/brainstorming/template.md","5c99d76963eb5fc21db96c5a68f39711dca7c6ed30e4f7d22aedee9e8bb964f9"
"md","workflow","core","core/workflows/brainstorming/workflow.md","73c9421b8dcae7dd3d43bad9fc94ed55df57f5695bc7266f26b2e560f9571e12"
"md","workflow","core","core/workflows/party-mode/workflow.md","9b8e2ee24af8031eb1c20de9e698c80ca24a4beca9e838512e86fd678d3df7f5"
"xml","editorial-review-prose","core","core/tasks/editorial-review-prose.xml","6380b4c2c30005519883363d050035d1e574a6e27e9200a4b244ec79845b13c6"
"xml","editorial-review-structure","core","core/tasks/editorial-review-structure.xml","4d5c60ae0024a9125331829540a6c6129f9e50f2f1fc07265a0e115fc4d52e8c"
"xml","index-docs","core","core/tasks/index-docs.xml","0f81d3c065555d8b930eab7a00e8a288a8f42c67b416f61db396b14753c32840"
"xml","review-adversarial-general","core","core/tasks/review-adversarial-general.xml","fd4d3b5ca0b9254c50ddd9b79868f3637fd6abae14416a93887b059d29474be9"
"xml","shard-doc","core","core/tasks/shard-doc.xml","51689fddea77a37342ce06d4c5723e9d10c6178e9cbcca58ae7c6f30e3b041b2"
"xml","workflow","core","core/tasks/workflow.xml","17bca7fa63bae20aaac4768d81463a7a2de7f80b60d4d9a8f36b70821ba86cfd"
"xml","workflow","core","core/workflows/advanced-elicitation/workflow.xml","590cc3594a3b8c51c2cab3aed266d0c6b3f2a828307e6cf01653e37ac10f259b"
"yaml","config","core","core/config.yaml","02e9a23f9ad3038439346ecf7c59d30147aa88176ba13475781cf21f24942b04"
"csv","default-party","gds","gds/teams/default-party.csv","50a3b1a2a0f77bbba1cd1f7c88e5b1d6ac5a6dfadb188e2373a24a0c77ad115a"
"csv","documentation-requirements","gds","gds/workflows/document-project/documentation-requirements.csv","efc91d54787939a2dd2c22400e6b9b6f58835a741ea557e8971b5b333ce666e8"
"csv","game-brain-methods","gds","gds/workflows/1-preproduction/brainstorm-game/game-brain-methods.csv","f6fb96d2134a941ad0dd6cbdcb7bdcc01b7c04b1009e196cf859fc330f843bdb"
"csv","game-types","gds","gds/workflows/2-design/gdd/game-types.csv","4f4a61090a084188178340aa08edaa8f3a08029bac7f01f23f228723b9524a59"
"csv","module-help","gds","gds/module-help.csv","857ac06f6589b292e4c8c985a11d2e43804ed5695561c9d2e158faab222a9313"
"csv","pattern-categories","gds","gds/workflows/3-technical/game-architecture/pattern-categories.csv","490bb6b7d5abfd5c1b20dca04399870c030b5d5d2db7148621d43f08044616e8"
"csv","qa-index","gds","gds/gametest/qa-index.csv","a94275a48134c19edbd8b4c457dfbde049e003cbce0a86a4c79b19ca91809dc2"
"json","project-scan-report-schema","gds","gds/workflows/document-project/templates/project-scan-report-schema.json","4c27adf9407907f31150d03d233f782f165aae9f754ecfa5532d0eed36c8bc94"
"md","action-platformer","gds","gds/workflows/2-design/gdd/game-types/action-platformer.md","f711632d2a1067243347cfa5686488377421b8a0337e32ab06031c7d1051cb76"
"md","adventure","gds","gds/workflows/2-design/gdd/game-types/adventure.md","2a242677235821099af6adcfc4a17dbeabe9ad914fb5c4599eab4f8691c86402"
"md","architecture-template","gds","gds/workflows/3-technical/game-architecture/templates/architecture-template.md","1522ecf71409013bd057b8bc175744c9c0d988ae1c50f197c342ad26e8ece1d2"
"md","backlog-template","gds","gds/workflows/4-production/code-review/backlog-template.md","42c4a61b30a8d1bfc670934db31622097b679ceee80f7744de823a77fa6ccd42"
"md","balance-testing","gds","gds/gametest/knowledge/balance-testing.md","aeea1da343ec80b7fbec0cc6ddc49cc70f9be1d6240644c3f065b42322886f0b"
"md","card-game","gds","gds/workflows/2-design/gdd/game-types/card-game.md","63a72a7cd8e9c15ff0778ca2af49ee146daf7a8d0772f83afc6e8421b088b1fd"
"md","certification-testing","gds","gds/gametest/knowledge/certification-testing.md","70a96efd6ba9f726057a896d0107d0f35f390749da8da373565e5b2f2b2fbfea"
"md","checklist","gds","gds/workflows/1-preproduction/game-brief/checklist.md","ddb4129f1f7474f25e78a4836410d6b3432ee5c6344414647ce3c8c3af1c56f5"
"md","checklist","gds","gds/workflows/2-design/gdd/checklist.md","43da9cadbca5dc6a18f998560ac85cb471ebf265ed1fc292b30b5e5046f424a2"
"md","checklist","gds","gds/workflows/2-design/narrative/checklist.md","e780d2703a61e6f9b6bdf0d624671140a9b93e42cdf9dcd521f41d5a7be9f967"
"md","checklist","gds","gds/workflows/3-technical/game-architecture/checklist.md","0df887272138bfb3d05d963ef24648b5338d22f8cbe8c58b539ee38b977f42aa"
"md","checklist","gds","gds/workflows/4-production/code-review/checklist.md","dce9eaefa805082b447b2db3cef98cba72d71eb9fae62c7ebd5c0760340134cb"
"md","checklist","gds","gds/workflows/4-production/correct-course/checklist.md","e08ac75bdd71d06c3c2e2c3da900e3b23afadfc615a67d9b7a1fa0b785632ceb"
"md","checklist","gds","gds/workflows/4-production/create-story/checklist.md","253ea017b5872f7c7b8256a19b032a99239883d3488c2e7b83dc4fd47154ab10"
"md","checklist","gds","gds/workflows/4-production/dev-story/checklist.md","277b5b2157d37162ed6eb1b4cdfe08bb4100fe719994a8ac8d019339a458995b"
"md","checklist","gds","gds/workflows/4-production/sprint-planning/checklist.md","cc4f8e9411dbf9e644333790f867d74027aae3721cbc7f11d574536bf903a0aa"
"md","checklist","gds","gds/workflows/document-project/checklist.md","3b6856939315f71dc3ecc5a098c961fdc9f3615d3a032f0bc3dad565ac17bc38"
"md","checklist","gds","gds/workflows/gametest/automate/checklist.md","83290eb804ca6b3d4283c7f69db1d9fb3160b8da708639303177c71af4408f2e"
"md","checklist","gds","gds/workflows/gametest/e2e-scaffold/checklist.md","4bef23b4063d2f6caf26d9d2baba4cc69ea2c54c3f6096c70de80b5b8fd1b130"
"md","checklist","gds","gds/workflows/gametest/performance/checklist.md","985a67a8c278f43096b9f52c59182e8de9ae9a55b04808fb740951809a3f96a5"
"md","checklist","gds","gds/workflows/gametest/playtest-plan/checklist.md","d79ecf7b93060a46d9912a90973eab3d0dfeac68815b5275d2c1a5f7416cf952"
"md","checklist","gds","gds/workflows/gametest/test-design/checklist.md","5542d92ad346ebfb86a2415a2217707ca76b3d39bf234280062a31b6e28bf875"
"md","checklist","gds","gds/workflows/gametest/test-framework/checklist.md","6ecc1995f2e0f94984d65a7b246a30e9bddaed217f0a48127e022254ee3c356e"
"md","checklist","gds","gds/workflows/gametest/test-review/checklist.md","1f4abe8931ba4964d8db592cdad287df858f834c45cadd20bf7e1588ada5d2ee"
"md","compatibility-testing","gds","gds/gametest/knowledge/compatibility-testing.md","1a26a1726abb77f7b482ba35d16f17ab574bfd62b4a025565e8645bae228fe6a"
"md","deep-dive-instructions","gds","gds/workflows/document-project/workflows/deep-dive-instructions.md","6ee83a843f26e4b304fc8831d8a51e67b1f7d5bd9884af7e46ad64c2a4938986"
"md","deep-dive-template","gds","gds/workflows/document-project/templates/deep-dive-template.md","2d098bb425f58d1d49ab5c6b7c1a8c92af9271d281bacafe000fed059a1a206d"
"md","e2e-testing","gds","gds/gametest/knowledge/e2e-testing.md","c3b6738f5dfc5e19699eb7a976ab53367762a6504ec1efd7c045926ea69707b7"
"md","fighting","gds","gds/workflows/2-design/gdd/game-types/fighting.md","a3da81cf6924927931eb7338753ae8a03028a7e5e26a31428c737a151e02950f"
"md","full-scan-instructions","gds","gds/workflows/document-project/workflows/full-scan-instructions.md","c0e8151b7079442c16c2445bfeb574f214d5cd6c83b7ed679c57ca63599c3b32"
"md","game-brief-template","gds","gds/workflows/1-preproduction/game-brief/templates/game-brief-template.md","f2c83b06e8e403bb946de0bed6e4245c66e3b0202d9790432f56319cb8b661be"
"md","game-context","gds","gds/workflows/1-preproduction/brainstorm-game/game-context.md","d362430b87dfe8a9b8c3bf9ae6820235b0d46bbed326591cbb58acdb5ff70640"
"md","gdd-template","gds","gds/workflows/2-design/gdd/templates/gdd-template.md","791dfdf0ac71a2e249984c07ca47938dcc2c602c935547124cb1eeccd3d1fbaf"
"md","godot-testing","gds","gds/gametest/knowledge/godot-testing.md","ccfdf5f7ecbc33bd3f5549bfcd47c991e6cd0c8d32719ad838e80406eda3b825"
"md","horror","gds","gds/workflows/2-design/gdd/game-types/horror.md","7ae5d591692bf36b014da7ca3b9683d6dfe744e9a85915bc18b8e8639122a2aa"
"md","idle-incremental","gds","gds/workflows/2-design/gdd/game-types/idle-incremental.md","410e8aa9473ef6189bc550de4721336ae3a9a1a82663388a9cea2a42726bd908"
"md","index-template","gds","gds/workflows/document-project/templates/index-template.md","0e077c2d9d9ccb149a64ed82e67914d90571e23696687cf7a08ac5f2a8b18306"
"md","input-testing","gds","gds/gametest/knowledge/input-testing.md","832d5183c9629e2423cc7221781afc87459cb9f735b2fc60257165d33736ecc6"
"md","instructions","gds","gds/workflows/1-preproduction/brainstorm-game/instructions.md","3847840c5d506f28e9bc7300c83a1a127ebb4ee857267a31e3c00fa138600596"
"md","instructions","gds","gds/workflows/1-preproduction/game-brief/instructions.md","c35e2a5be4183de496fa7cc6927602980d243f78d2016f712ceca4269c9d4809"
"md","instructions","gds","gds/workflows/3-technical/game-architecture/instructions.md","5ab2f82399f2752e313d1e75b0a07f81f1a859900a667a80a16d286f6585834c"
"md","instructions","gds","gds/workflows/4-production/correct-course/instructions.md","3516ef31d60e27485778fbdf8bdd7b7736bbd4c0568eab5afbc98481c8ae557a"
"md","instructions","gds","gds/workflows/4-production/retrospective/instructions.md","4d7ef4bab1a0007c4681da3216f66a4962e3d1039c2dee06e67c70d3a4b00104"
"md","instructions","gds","gds/workflows/4-production/sprint-planning/instructions.md","e9f06d42b5d6fc4dbac5d8b0c8d511945e307b363cd1f45ad94a780186ef2586"
"md","instructions","gds","gds/workflows/4-production/sprint-status/instructions.md","7ea2b17e6d6688cfa3c9155fa3926888e9b817fad11fb9d8d49c614e61bd6a85"
"md","instructions","gds","gds/workflows/document-project/instructions.md","a28476fb66c03dc0514b3fa1cb07c514415226e7de76a331b0b7c199e949834b"
"md","instructions","gds","gds/workflows/gametest/automate/instructions.md","5466db4adc5bc36a14dd6efb314e1e75b94e509bdc6db89047ec6b07eef0564e"
"md","instructions","gds","gds/workflows/gametest/e2e-scaffold/instructions.md","a3e475d13cdb93ceb35892703aca7f789fea866fa185ad78dd8f559c0f306914"
"md","instructions","gds","gds/workflows/gametest/performance/instructions.md","e3c68377677d498a475bc7ee2b29e7aeab89cada9d27fbf0bc864f59d1a315ae"
"md","instructions","gds","gds/workflows/gametest/playtest-plan/instructions.md","43a45ad092b304d7577618352b3ac606467bf6cf21fdccebf5d5ce25e53600bc"
"md","instructions","gds","gds/workflows/gametest/test-design/instructions.md","c61e57ed57e7450139ab9b71dc31706cdbbb85e96ff284f209c268542c645d6f"
"md","instructions","gds","gds/workflows/gametest/test-framework/instructions.md","65a6aac4b030113d4c82785a58e4911a128cd069ab3860a4ae899859ae0fde3b"
"md","instructions","gds","gds/workflows/gametest/test-review/instructions.md","3b7b8a6bc2a158f416ec55f58499675486bdcc03d2cb11ae1846781572667322"
"md","instructions-narrative","gds","gds/workflows/2-design/narrative/instructions-narrative.md","98c730a1d1d4adf7926d4b8c2d9f87aa5c5eb91da71d62c1f6e50d9c881fe539"
"md","localization-testing","gds","gds/gametest/knowledge/localization-testing.md","3ac685205ac1d8dea63574a98501f5636614fbf2933d555d718acb0dbf3d3f4b"
"md","metroidvania","gds","gds/workflows/2-design/gdd/game-types/metroidvania.md","2faa33591d6bac3c0e8c4cafe823d94b9f5f9236a1c22d38683fdb784c156b85"
"md","moba","gds","gds/workflows/2-design/gdd/game-types/moba.md","9871adb9aacf4e503f4f339e5028a30ca16916e53770038c5568eb13f961acbb"
"md","multiplayer-testing","gds","gds/gametest/knowledge/multiplayer-testing.md","fa00a075cdbcbf21ae921148c33647280ad12b4c88f2eba3854d24c7b060824b"
"md","narrative-template","gds","gds/workflows/2-design/narrative/templates/narrative-template.md","e12110346082ed4cbd444fce0ba0e1cc5c074dfd72ce503f00ce4df24bbf3ef3"
"md","party-game","gds","gds/workflows/2-design/gdd/game-types/party-game.md","7de09c182571046e25d2f4c4bdaa8a1dd2a96c8a50606bcf253ed8ba370ddae1"
"md","performance-template","gds","gds/workflows/gametest/performance/performance-template.md","71097a22589f0c21af4c32df7b63699b7b54174f1fae96dc482c5f3d27daa6e4"
"md","performance-testing","gds","gds/gametest/knowledge/performance-testing.md","572f7ca584e08bb876be2fc64ba6895decc96780cbe9b4c8e8de7730d07ad929"
"md","playtest-template","gds","gds/workflows/gametest/playtest-plan/playtest-template.md","3c6120ba19f21440cec2817a4a8722509b65ac73b98f6768d3fb33a14c005cbb"
"md","playtesting","gds","gds/gametest/knowledge/playtesting.md","38dd38b24e7996323a3c78f74f9786340f22ee11ff857d42e45cdd7080cecca5"
"md","project-context-template","gds","gds/workflows/3-technical/generate-project-context/project-context-template.md","3cc240744e23cdb1048b76ecc2c0cfccb5ba1140ec9dfb47a19587a59f321c87"
"md","project-overview-template","gds","gds/workflows/document-project/templates/project-overview-template.md","fd1ae5724b19829feb79245b5249c3ebf3cee30d07776939d87c7563e5bf76fd"
"md","puzzle","gds","gds/workflows/2-design/gdd/game-types/puzzle.md","0e127487feb570735f166a7e51ecbdd69d7cb7de73439c62ef5e87b6e5b6b8f9"
"md","qa-automation","gds","gds/gametest/knowledge/qa-automation.md","fae6a6e9977cf52b10fffc85c5be41fe5c11c5aec9b885f44d42e37513b9f370"
"md","racing","gds","gds/workflows/2-design/gdd/game-types/racing.md","e2c21ad6ae9bfdf1a309dc5a3ba3390dfb7de9a98bdfb4d7723e2c04750c9878"
"md","regression-testing","gds","gds/gametest/knowledge/regression-testing.md","b35564996e952fe1e32c1d59d69e8ceb76dbe3cf96a852ff119082d281d00e77"
"md","rhythm","gds","gds/workflows/2-design/gdd/game-types/rhythm.md","099462e504db8de6fe4e6176a2e0667a2beb3700147d733a4e5a44f7aba4d9d1"
"md","roguelike","gds","gds/workflows/2-design/gdd/game-types/roguelike.md","13db5439305b6f8c5a985839552326ca0da359d861251b10f7585b7f123a848c"
"md","rpg","gds","gds/workflows/2-design/gdd/game-types/rpg.md","861d9a803a43e4b95f048a0ff274ef56dbbfb8d83fea696237814731ae13e4f4"
"md","sandbox","gds","gds/workflows/2-design/gdd/game-types/sandbox.md","404b16e49aefdeda1e022a07fb680a1584c0e1a00ddda003e80eab748e01d270"
"md","save-testing","gds","gds/gametest/knowledge/save-testing.md","c354bbbe048c32fbd8bf581de329ff933ec28e044b431888f8ca53d76434eaf1"
"md","shooter","gds","gds/workflows/2-design/gdd/game-types/shooter.md","185d8722cf25471768440921b7b5bdca8bf58464358bd50556811fa0746e3e0c"
"md","simulation","gds","gds/workflows/2-design/gdd/game-types/simulation.md","bbb0c3dd09cb4289c2d297aeb49d1b0261151037dd8728fddee8ab7683bfc995"
"md","smoke-testing","gds","gds/gametest/knowledge/smoke-testing.md","1b33fe5eb2305103b96cd4a755640f4fa08f8ffc8c59a0fe04110c1532078866"
"md","source-tree-template","gds","gds/workflows/document-project/templates/source-tree-template.md","f0094b1e0a9770c8c408b86f978b660c253fe99affcf2b67e1cf7aa9b40e74cb"
"md","sports","gds","gds/workflows/2-design/gdd/game-types/sports.md","f2f582cd89412e803f9714e5f44ee9854ed2d1a2debd588900fc1792756057b7"
"md","step-01-discover","gds","gds/workflows/3-technical/generate-project-context/steps/step-01-discover.md","54cfaa77d7528d319a089bc1f97f1d8b6d421688e7e888faaf0bac7d387f0c4e"
"md","step-01-init","gds","gds/workflows/1-preproduction/brainstorm-game/steps/step-01-init.md","33f070978c8bfc4846939fd485e14e0f8a4cf574660849193778cc131ec77738"
"md","step-01-init","gds","gds/workflows/1-preproduction/game-brief/steps/step-01-init.md","7e9fcfbc5bc35505fd1eddb647fdd01c223be21582678fa9bb71dbe6af074e88"
"md","step-01-init","gds","gds/workflows/2-design/gdd/steps/step-01-init.md","c951011e21cd796dd8a35c0e643f5f1f06dd9c1d4bd834faefb11709f9b1a412"
"md","step-01-init","gds","gds/workflows/2-design/narrative/steps/step-01-init.md","dc40243a28167a79a623ac353dfe12b8540c26f917a62fa1f6dcebb57e78f6dc"
"md","step-01-init","gds","gds/workflows/3-technical/game-architecture/steps/step-01-init.md","0442f4159b8ecd2adeada882ed62e4eb902bbd02e140238d79399f4b6e2c42df"
"md","step-01-mode-detection","gds","gds/workflows/gds-quick-flow/quick-dev/steps/step-01-mode-detection.md","08dcd5de6a2c51714916fc9279e3f15ebc40b34175b0cb67d59486084398a16f"
"md","step-01-understand","gds","gds/workflows/gds-quick-flow/quick-spec/steps/step-01-understand.md","3bbbbb5f2679f0cb68b591b3c47866198bb663c0ee9aede2a18e2983ec0106bf"
"md","step-01b-continue","gds","gds/workflows/1-preproduction/game-brief/steps/step-01b-continue.md","5b4bd06f79bf71ccc8f66e0a72d687fe52388750881469cafa5de48361cdc343"
"md","step-01b-continue","gds","gds/workflows/2-design/gdd/steps/step-01b-continue.md","a924f021f613cbe3e717e1726f6eed9f0c6cff596110374fea0a0768eeb64988"
"md","step-01b-continue","gds","gds/workflows/2-design/narrative/steps/step-01b-continue.md","073dba91994fe1593c7272fdf960e9bc56656f8e5c9f4347c63a8c94b0afbece"
"md","step-01b-continue","gds","gds/workflows/3-technical/game-architecture/steps/step-01b-continue.md","b135163e274cbaeee45297a01b2afc8c9766ec0009db9f915328d99b51d2b1da"
"md","step-02-context","gds","gds/workflows/1-preproduction/brainstorm-game/steps/step-02-context.md","c5901693acfb4f54d777c88107fb8e5353b9dada84b0dbf6646b2b1d156a6d90"
"md","step-02-context","gds","gds/workflows/2-design/gdd/steps/step-02-context.md","bfabdec25e0bd4f96bd7ae45b91a23373cb707eea509ebde26aa89258fb98cca"
"md","step-02-context","gds","gds/workflows/3-technical/game-architecture/steps/step-02-context.md","e95f67c133ced49d14b9ecb6f6a3317d291a052d774b33adeb70bc77a3aec5d9"
"md","step-02-context-gathering","gds","gds/workflows/gds-quick-flow/quick-dev/steps/step-02-context-gathering.md","4a0d240d197b9e95237606ab82a29479349ce4e48e547d0dd5ca4f36a78aac15"
"md","step-02-foundation","gds","gds/workflows/2-design/narrative/steps/step-02-foundation.md","d8f6f24c16845c4f9b787d96fee4c1655e2154f714a5efbd13b830a9d6a88acd"
"md","step-02-generate","gds","gds/workflows/3-technical/generate-project-context/steps/step-02-generate.md","11deeb2b4bc97f8c5e0a9b234cba937781cd03a874a3cb05e4044d7116ea443c"
"md","step-02-investigate","gds","gds/workflows/gds-quick-flow/quick-spec/steps/step-02-investigate.md","9825c97aa11dd6d75161192db9545e4dae3b00905099f10e7ed9fe43969efeaa"
"md","step-02-vision","gds","gds/workflows/1-preproduction/game-brief/steps/step-02-vision.md","2a4cf32b59f1dbfa397bfd9a6dfcde866e7967666c574fe6b069cde356403b23"
"md","step-03-complete","gds","gds/workflows/3-technical/generate-project-context/steps/step-03-complete.md","b33c31b630ac09ad2735a4265c5d29accab816f588fcc194b81366c2f77de20e"
"md","step-03-execute","gds","gds/workflows/gds-quick-flow/quick-dev/steps/step-03-execute.md","e9ca24a47425547c9612e8df5af214c8a91f182e665550a674ab87b07ccdbce5"
"md","step-03-generate","gds","gds/workflows/gds-quick-flow/quick-spec/steps/step-03-generate.md","2eaf1c403eabae381df15096f97f4b50cdf1e941a643e6601eda044a9df40e70"
"md","step-03-ideation","gds","gds/workflows/1-preproduction/brainstorm-game/steps/step-03-ideation.md","00be5edf29537572e616f2a2da480abfabcb995274f33adf022c6e138b852599"
"md","step-03-market","gds","gds/workflows/1-preproduction/game-brief/steps/step-03-market.md","576bbf55db723cb8350a83fd1e991059c19a90eed32c25eb7c56b2c0964f60c4"
"md","step-03-platforms","gds","gds/workflows/2-design/gdd/steps/step-03-platforms.md","971b6de4afa59d5636ac42fefbc860adbd1da6fb9d87610e23b94552547d0b1d"
"md","step-03-starter","gds","gds/workflows/3-technical/game-architecture/steps/step-03-starter.md","30c761d4ea89a9e7558354f2a67463a342fa3d3ee13b59ab80272629c1343413"
"md","step-03-story","gds","gds/workflows/2-design/narrative/steps/step-03-story.md","50207ffcef71694097700e444809163e051b0234c5b9f61b3cf839f35ffe6f03"
"md","step-04-characters","gds","gds/workflows/2-design/narrative/steps/step-04-characters.md","1e5279d9be9695fae30790975e0f6004849cc570454ee733a24a6359bcf1d4f5"
"md","step-04-complete","gds","gds/workflows/1-preproduction/brainstorm-game/steps/step-04-complete.md","94632d9992030a039d5330ab2b0788c1b9d6ecbcc518f0eaf39b53f349c7ac82"
"md","step-04-decisions","gds","gds/workflows/3-technical/game-architecture/steps/step-04-decisions.md","c85309c9bcbf53f13d51257cde28298a6967ca2d4cf532299c010736aa6f095f"
"md","step-04-fundamentals","gds","gds/workflows/1-preproduction/game-brief/steps/step-04-fundamentals.md","82cd98d798372ca157d70f81e0531855bbfbc6892a2a80730df54a905c244223"
"md","step-04-review","gds","gds/workflows/gds-quick-flow/quick-spec/steps/step-04-review.md","b0205ba1150b10ce446bc78b1bb664f5934db7b7c11da2c94b543c9bca4fa1e6"
"md","step-04-self-check","gds","gds/workflows/gds-quick-flow/quick-dev/steps/step-04-self-check.md","6c15178a3aa18d8a660c9c9d04d4434196c2b752fdaa9632109ad54b4ece2655"
"md","step-04-vision","gds","gds/workflows/2-design/gdd/steps/step-04-vision.md","be240cf61b5ae710cf9d9baca1aea7a8af55670b015c731ea512d7eff06da4cb"
"md","step-05-adversarial-review","gds","gds/workflows/gds-quick-flow/quick-dev/steps/step-05-adversarial-review.md","5ead9aaff04866ae79ca79be46d53368c5ac94ddc064600312a69a6a0fa26fef"
"md","step-05-core-gameplay","gds","gds/workflows/2-design/gdd/steps/step-05-core-gameplay.md","ae0071c72f88363635e6547bb3064cce0f9188a033e63234e21fe5ff161fcdb3"
"md","step-05-crosscutting","gds","gds/workflows/3-technical/game-architecture/steps/step-05-crosscutting.md","a527852832da1ab5dab7eb9c690028b3d1a4270048882dc7b742bcdb614c1aa4"
"md","step-05-scope","gds","gds/workflows/1-preproduction/game-brief/steps/step-05-scope.md","b7745d5691d4f9620a05a94a6d9fd5d256ed6f28e76cada6f0b1f295167227d3"
"md","step-05-world","gds","gds/workflows/2-design/narrative/steps/step-05-world.md","9be3c2bd3b2604f90162bebd1b08cea2977734cea0bb8327c43ef73a522b9019"
"md","step-06-dialogue","gds","gds/workflows/2-design/narrative/steps/step-06-dialogue.md","5b5ed27b72f31cbac6c5c14b250a06374a236dce14abe928c3a6050c31b1519e"
"md","step-06-mechanics","gds","gds/workflows/2-design/gdd/steps/step-06-mechanics.md","eb34d7d1c4fa544720679dafcf98e3462e2098b50e62f8f4e409f1b92a7c77f9"
"md","step-06-references","gds","gds/workflows/1-preproduction/game-brief/steps/step-06-references.md","6722fed91c0a09c069cba8e72287a90bf5f6c72a497e094150c292443883d2e6"
"md","step-06-resolve-findings","gds","gds/workflows/gds-quick-flow/quick-dev/steps/step-06-resolve-findings.md","afedfc749d1abc0c5a1556ec1596795afc8855732ffbf5424ff7eb6103cfeae8"
"md","step-06-structure","gds","gds/workflows/3-technical/game-architecture/steps/step-06-structure.md","c8cbf71cbf584c29a651aea4bbae8b8ae128349c744f983459f5e28d4ee609ed"
"md","step-07-content","gds","gds/workflows/1-preproduction/game-brief/steps/step-07-content.md","7fb80b029e0174d4d3ca0f9b4ce3f9826b2a2a2a16b7d5d3a6a23f9f7c875f27"
"md","step-07-environmental","gds","gds/workflows/2-design/narrative/steps/step-07-environmental.md","16945623aa28d86174df2ce3956c1b078b075420e6d304b3275e5e1df0201432"
"md","step-07-game-type","gds","gds/workflows/2-design/gdd/steps/step-07-game-type.md","2278cb4eada6d254e2fa9942ad8479c6b81d15da6b98e1f1207e7ea66607f44b"
"md","step-07-patterns","gds","gds/workflows/3-technical/game-architecture/steps/step-07-patterns.md","3f39356b319d1b2945dfc01a0c8f9048d8903944efe286c3161abdc67785d02e"
"md","step-08-complete","gds","gds/workflows/1-preproduction/game-brief/steps/step-08-complete.md","aec4903e3b4d07bf3ef0ec961e997d46f1dba296d5b7afe9c5ad3ba00374755b"
"md","step-08-delivery","gds","gds/workflows/2-design/narrative/steps/step-08-delivery.md","88c0b21bef9e150416b7bc4f3c9a92f422e975747681a8b7fe77703ceb971bbd"
"md","step-08-progression","gds","gds/workflows/2-design/gdd/steps/step-08-progression.md","f698ffea7743bc01960018a1cb947b7fecfdee82b081e57c29a19d99983847c6"
"md","step-08-validation","gds","gds/workflows/3-technical/game-architecture/steps/step-08-validation.md","c6da22c75382a54bf2018730904b657876fe4f6a3e1382ecb07cbd3934359949"
"md","step-09-complete","gds","gds/workflows/3-technical/game-architecture/steps/step-09-complete.md","0c5c44855688713c9c7d052dc5c644fb4e44633aed199467f53fe6ed9c86bb96"
"md","step-09-integration","gds","gds/workflows/2-design/narrative/steps/step-09-integration.md","b2ba1b2287da5a6a9ebea2b7c60a18402a668f5f7559300f5ec082fd11b86f94"
"md","step-09-levels","gds","gds/workflows/2-design/gdd/steps/step-09-levels.md","21e8ffbf94b03977604f9f605611c61957cdbb522074dd1a9116053c7f5ef361"
"md","step-10-art-audio","gds","gds/workflows/2-design/gdd/steps/step-10-art-audio.md","fe30124b269768818bc39ac4dbf437993abbe30607e52da1f5756236f5328e5b"
"md","step-10-production","gds","gds/workflows/2-design/narrative/steps/step-10-production.md","807da1f7f7eeb7692d4a978e7cb608139abbc66b7beb1641b69f2477ed1b622d"
"md","step-11-complete","gds","gds/workflows/2-design/narrative/steps/step-11-complete.md","fb515367fc2e2172ac030078bfc311de271dbdaeea1b2da02f5d298666d14ff4"
"md","step-11-technical","gds","gds/workflows/2-design/gdd/steps/step-11-technical.md","8a4aba5805590bfd717f3d661ce32b2c6fa6984eacda888a5971b79dbef9bbeb"
"md","step-12-epics","gds","gds/workflows/2-design/gdd/steps/step-12-epics.md","011e0663300bd38d5abbdaa25d7ce72323b9ee9665e908419e80484eb9b59d1d"
"md","step-13-metrics","gds","gds/workflows/2-design/gdd/steps/step-13-metrics.md","0699f939578d514a2f10ca35016fa872deef4ecb2f4edf67d3027107c255c486"
"md","step-14-complete","gds","gds/workflows/2-design/gdd/steps/step-14-complete.md","45e5a6cb1e624d999eff6dd1a49368c2d922c793de087ee01b543ec7a6b07212"
"md","strategy","gds","gds/workflows/2-design/gdd/game-types/strategy.md","3b453b6e3a70d65ec2428bf53195edcb5c3f194341110f4034d55c9707fac65d"
"md","survival","gds","gds/workflows/2-design/gdd/game-types/survival.md","524f50b6929bab7b10dbcc2437002cb79139188594e6d17ceb7abecd76e8b295"
"md","tech-spec-template","gds","gds/workflows/gds-quick-flow/quick-spec/tech-spec-template.md","7186c7c1a8a327b3e9598f2711666540736569f46fd0ba5751f0f2c03e5e9a01"
"md","template","gds","gds/workflows/4-production/create-story/template.md","31c35d74f9c84250b0b3574ca02c3041b243342e365e1c190a2d27b9971e9aab"
"md","test-design-template","gds","gds/workflows/gametest/test-design/test-design-template.md","cdc62ad21c1970ff99594fd8f965ca208013e5f2fe1947f08ef169d9830c6336"
"md","test-priorities","gds","gds/gametest/knowledge/test-priorities.md","ab91b9b455586553ea5bf9f991db3a88613bf6e57ca230cc9a4f713364f9799b"
"md","test-review-template","gds","gds/workflows/gametest/test-review/test-review-template.md","99166ae52604775b0f51f5a7b569fcf658803bdb57a210807bee7c10173816c5"
"md","text-based","gds","gds/workflows/2-design/gdd/game-types/text-based.md","96c1d8cd99377cbebb873c5d660534f7fbfb848f503511eb24a25fe1e25ab4bf"
"md","tower-defense","gds","gds/workflows/2-design/gdd/game-types/tower-defense.md","c53a3bcb028d93bede1926d4c4b32a84321fe0ab5238974fe855e86631030b70"
"md","turn-based-tactics","gds","gds/workflows/2-design/gdd/game-types/turn-based-tactics.md","5438cbf5fc800facfe724651821ba851231ccb1e26cd83ab658ead9a012c695d"
"md","unity-testing","gds","gds/gametest/knowledge/unity-testing.md","7e196ea43cf8b35b4b290269ec24bf49f1fdf57c81987e7a9f0aeb2a48d94b11"
"md","unreal-testing","gds","gds/gametest/knowledge/unreal-testing.md","d3d656434f9fddee65e8b0a4826067176663be2373fdcb240f5c37dcd8e11c05"
"md","visual-novel","gds","gds/workflows/2-design/gdd/game-types/visual-novel.md","c069fdf5a0bc18a129cf4ce1362e1b67b627943a0e40bdf46730e92202ea797a"
"md","workflow","gds","gds/workflows/1-preproduction/brainstorm-game/workflow.md","9b788bdd631527bf9766e9b2c22bc003f7df2f5b272bcd141a89ca57a7b3c1d2"
"md","workflow","gds","gds/workflows/1-preproduction/game-brief/workflow.md","2d2f43fc258357b8ae40ab48cbe34c989fbcdb78b6b436d1501088d6e64a013a"
"md","workflow","gds","gds/workflows/2-design/gdd/workflow.md","b426bd855d022b1a8062ce91a7aad6b96ccb41ad73e5095c53d2ab27695e6ae0"
"md","workflow","gds","gds/workflows/2-design/narrative/workflow.md","89e157354145a1a8fa294be704c78c3a3e5e84947f35e0e504f3aff9526f0f96"
"md","workflow","gds","gds/workflows/3-technical/game-architecture/workflow.md","55ee832255287ce1b47318f47032dcde903201eb11f4e125691c3d0f48a7f0df"
"md","workflow","gds","gds/workflows/3-technical/generate-project-context/workflow.md","ca9041c1b5921ff6250a820cc923b07a9ffc59adcc3ff5a23292a7518bf519e7"
"md","workflow","gds","gds/workflows/gds-quick-flow/quick-dev/workflow.md","b974074b63a5948d8b6ff960014c70623d4c4a1acb5b673e40d5731569253d68"
"md","workflow","gds","gds/workflows/gds-quick-flow/quick-spec/workflow.md","3e3edabd54b0d43e306cd1080e2b70bd0ef27457a6a201ecde8bcc877f12d993"
"xml","instructions","gds","gds/workflows/4-production/code-review/instructions.xml","b57416a5b98c80c82a666e0cf3249e8d6267fdde5bdb14acb04e9d4047f25f99"
"xml","instructions","gds","gds/workflows/4-production/create-story/instructions.xml","b47762d6aedd70e067e760af4a597c1560cde89dcc6114aef3f58c1826ef960f"
"xml","instructions","gds","gds/workflows/4-production/dev-story/instructions.xml","04e7d36416b9851da5203acc3cd8dd85f6d7188c953a6e42edc00deba63fe104"
"yaml","architecture-patterns","gds","gds/workflows/3-technical/game-architecture/architecture-patterns.yaml","ed3f948cb7ddd4b928bf6aa26d84695ade787f1979396f6230ea2c4cd9408ad3"
"yaml","config","gds","gds/config.yaml","7ade87138864cb2ae5da17a11f18cf63899b6975e9d33b6fa16bcf31fb550c8c"
"yaml","decision-catalog","gds","gds/workflows/3-technical/game-architecture/decision-catalog.yaml","ea7d7c5b13c8ce04e2e8dde7ef4273169627d66fcc3c74463e930e15cee7d6ae"
"yaml","deep-dive","gds","gds/workflows/document-project/workflows/deep-dive.yaml","5904931197ba87249957f4112659f6b634ac075735e080e91e580449938abd8c"
"yaml","engine-mcps","gds","gds/workflows/3-technical/game-architecture/engine-mcps.yaml","432213f4a4ce2b9b9946fda108bd145abdc95f1ae2e7a8a8f03103f934015557"
"yaml","full-scan","gds","gds/workflows/document-project/workflows/full-scan.yaml","c93b739508c0d8dcaff52a44acc29e39a1d8c4fb8cb6713069b183c159d1a264"
"yaml","sprint-status-template","gds","gds/workflows/4-production/sprint-planning/sprint-status-template.yaml","7bad0cc622ecbd33346d76f625333ff7c4d8aa21d48ce27075050f79a1a58065"
"yaml","team-gamedev","gds","gds/teams/team-gamedev.yaml","e85c49ac28d842a0c020a6d49a4efb5cb41db556789c14cfb3dd5bc8194b0cf1"
"yaml","workflow","gds","gds/workflows/1-preproduction/brainstorm-game/workflow.yaml","89d363555cf8f65a293df87bcb83c560fa7b45f33f0fde26087e9ad674824ca0"
"yaml","workflow","gds","gds/workflows/1-preproduction/game-brief/workflow.yaml","62006e32a0021c8e33e95925ba033f32acb1833d900eb4f196a6e27434782294"
"yaml","workflow","gds","gds/workflows/2-design/gdd/workflow.yaml","421ab6cb382c9f5e3f9853a3ab8951064ed7ca7b4d6ee2ea22453bc08362f3a8"
"yaml","workflow","gds","gds/workflows/2-design/narrative/workflow.yaml","0234500d36aa228a8575c47cc44f46728f4d6ada9ed0dd2e8f0686670fc0f597"
"yaml","workflow","gds","gds/workflows/3-technical/game-architecture/workflow.yaml","2e93f335d31de5b4f52e145a2c62f384153d6fe3b332fe1f1c5e1eea18a6826b"
"yaml","workflow","gds","gds/workflows/4-production/code-review/workflow.yaml","e696ef3d7dd2a65804dfee55aef668103b9b83e19b2a9af3ce6ff3da4243e7db"
"yaml","workflow","gds","gds/workflows/4-production/correct-course/workflow.yaml","2f456760f698d4340aaa67188f6264dbca0006a503abc7142d480f807cec8e93"
"yaml","workflow","gds","gds/workflows/4-production/create-story/workflow.yaml","c5ad19b9449e12fdc255d82f9d33c1085b1b8494f7bd076a184d864f8fedd4be"
"yaml","workflow","gds","gds/workflows/4-production/dev-story/workflow.yaml","8661eaad903c9c1d9fb3dbf61725067bac00d88549c577b83ae280b49a19252e"
"yaml","workflow","gds","gds/workflows/4-production/retrospective/workflow.yaml","6663c1532b2a44d6f5fd47565c222fa303514dbd844573f1588e53174526e291"
"yaml","workflow","gds","gds/workflows/4-production/sprint-planning/workflow.yaml","c81afb6f9cc69a37c55a1a11fdbcb4e9221be05d0061e7b595907a315ea705c4"
"yaml","workflow","gds","gds/workflows/4-production/sprint-status/workflow.yaml","1bbdc38e9a21a7a48dc267e324e07cf9aa9937e76075978af303f76a12d21240"
"yaml","workflow","gds","gds/workflows/document-project/workflow.yaml","40e3d304d1bad44c9049f67fe64af0a39cc6b6524276034bc8167d3deea769bc"
"yaml","workflow","gds","gds/workflows/gametest/automate/workflow.yaml","e5ce54dcae9d63c93c6b24009111e9553afb11aeadb64631160309fe8d9e59d0"
"yaml","workflow","gds","gds/workflows/gametest/e2e-scaffold/workflow.yaml","fcedfb947adbc05ca2d2dbd0dbf5459378042088c880e589106bf8d82739cd6d"
"yaml","workflow","gds","gds/workflows/gametest/performance/workflow.yaml","c7a8413c38d0871ebf01827d28970507eddecff7fddc5aaa7cd93b2e8da695ba"
"yaml","workflow","gds","gds/workflows/gametest/playtest-plan/workflow.yaml","a506d05f0e9296170dfc91fb6d000a7fd41ebde6b3f8a4af77ff8025e0662e17"
"yaml","workflow","gds","gds/workflows/gametest/test-design/workflow.yaml","d3f21230cc97b813d72a10a06e8d97e632cac864c336d333f467f7f68fb344e0"
"yaml","workflow","gds","gds/workflows/gametest/test-framework/workflow.yaml","9633cffa27ec5d524bf341ccfd11031b725c6c798d7976aaad2e9b9b0452bde1"
"yaml","workflow","gds","gds/workflows/gametest/test-review/workflow.yaml","5d2d1640568095ca0fb7dde49d8d99aafbfd0d806c7dfadf75780d02112544ea"
